{
  "home_categories": [
    "1. FC Heidenheim 1846",
    "1. FC Köln",
    "1. FC Union Berlin",
    "1. FSV Mainz 05",
    "Bayer 04 Leverkusen",
    "Borussia Dortmund",
    "Borussia Mönchengladbach",
    "Eintracht Frankfurt",
    "FC Augsburg",
    "FC Bayern München",
    "FC St. Pauli",
    "Hamburger SV",
    "Holstein Kiel",
    "RB Leipzig",
    "SC Freiburg",
    "SV Darmstadt 98",
    "SV Werder Bremen",
    "TSG Hoffenheim",
    "VfB Stuttgart",
    "VfL Bochum 1848",
    "VfL Wolfsburg"
  ],
  "away_categories": [
    "1. FC Heidenheim 1846",
    "1. FC Köln",
    "1. FC Union Berlin",
    "1. FSV Mainz 05",
    "Bayer 04 Leverkusen",
    "Borussia Dortmund",
    "Borussia Mönchengladbach",
    "Eintracht Frankfurt",
    "FC Augsburg",
    "FC Bayern München",
    "FC St. Pauli",
    "Hamburger SV",
    "Holstein Kiel",
    "RB Leipzig",
    "SC Freiburg",
    "SV Darmstadt 98",
    "SV Werder Bremen",
    "TSG Hoffenheim",
    "VfB Stuttgart",
    "VfL Bochum 1848",
    "VfL Wolfsburg"
  ],
  "scaler_mean": [
    0.03571428571428571,
    0.05952380952380952,
    0.05505952380952381,
    0.05952380952380952,
    0.05952380952380952,
    0.05357142857142857,
    0.05654761904761905,
    0.05654761904761905,
    0.05357142857142857,
    0.02976190476190476,
    0.011904761904761904,
    0.020833333333333332,
    0.05654761904761905,
    0.05654761904761905,
    0.019345238095238096,
    0.05357142857142857,
    0.050595238095238096,
    0.05357142857142857,
    0.044642857142857144,
    0.05654761904761905,
    0.03571428571428571,
    0.05357142857142857,
    0.05952380952380952,
    0.05505952380952381,
    0.05654761904761905,
    0.050595238095238096,
    0.05803571428571429,
    0.05654761904761905,
    0.049107142857142856,
    0.03273809523809524,
    0.008928571428571428,
    0.022321428571428572,
    0.05803571428571429,
    0.05357142857142857,
    0.022321428571428572,
    0.05505952380952381,
    0.05505952380952381,
    0.05803571428571429,
    0.046130952380952384,
    0.05803571428571429
  ],
  "scaler_scale": [
    0.1855768722395226,
    0.23660246326609272,
    0.22809641086039098,
    0.23660246326609274,
    0.23660246326609274,
    0.2251700038021159,
    0.23097615856980652,
    0.23097615856980652,
    0.2251700038021159,
    0.16992979075738332,
    0.1084575426088607,
    0.1428261375083551,
    0.23097615856980652,
    0.23097615856980652,
    0.13773525277965928,
    0.2251700038021159,
    0.2191697058841031,
    0.2251700038021159,
    0.206518455468221,
    0.23097615856980652,
    0.18557687223952257,
    0.2251700038021159,
    0.23660246326609274,
    0.22809641086039098,
    0.23097615856980652,
    0.2191697058841031,
    0.233810970985241,
    0.23097615856980652,
    0.2160917198264455,
    0.17795030867710415,
    0.09406833707904232,
    0.14772671524798478,
    0.233810970985241,
    0.2251700038021159,
    0.14772671524798478,
    0.22809641086039095,
    0.22809641086039098,
    0.233810970985241,
    0.20976865259942604,
    0.233810970985241
  ],
  "feature_names": [
    "H_1. FC Heidenheim 1846",
    "H_1. FC Köln",
    "H_1. FC Union Berlin",
    "H_1. FSV Mainz 05",
    "H_Bayer 04 Leverkusen",
    "H_Borussia Dortmund",
    "H_Borussia Mönchengladbach",
    "H_Eintracht Frankfurt",
    "H_FC Augsburg",
    "H_FC Bayern München",
    "H_FC St. Pauli",
    "H_Hamburger SV",
    "H_Holstein Kiel",
    "H_RB Leipzig",
    "H_SC Freiburg",
    "H_SV Darmstadt 98",
    "H_SV Werder Bremen",
    "H_TSG Hoffenheim",
    "H_VfB Stuttgart",
    "H_VfL Bochum 1848",
    "H_VfL Wolfsburg",
    "A_1. FC Heidenheim 1846",
    "A_1. FC Köln",
    "A_1. FC Union Berlin",
    "A_1. FSV Mainz 05",
    "A_Bayer 04 Leverkusen",
    "A_Borussia Dortmund",
    "A_Borussia Mönchengladbach",
    "A_Eintracht Frankfurt",
    "A_FC Augsburg",
    "A_FC Bayern München",
    "A_FC St. Pauli",
    "A_Hamburger SV",
    "A_Holstein Kiel",
    "A_RB Leipzig",
    "A_SC Freiburg",
    "A_SV Darmstadt 98",
    "A_SV Werder Bremen",
    "A_TSG Hoffenheim",
    "A_VfB Stuttgart",
    "A_VfL Bochum 1848",
    "A_VfL Wolfsburg"
  ]
}